Station,Latitude,Longitude,Start_Date,End_Date
ANPB,25.1828,121.5292,1997-06-18,2012-12-11
CHGB,24.0602,121.1740,2005-08-02,2018-09-18
DYSB,24.8208,121.4049,2014-08-09,-
FUSB,24.7597,121.5875,2014-02-26,-
GWUB,24.5059,121.1131,2015-01-13,-
HGSD,23.4921,121.4239,2004-04-25,-
HOPB,24.3328,121.6929,2014-11-11,-
HWAB,23.9750,121.6134,1997-11-03,2000-02-15
HWLB,23.9747,121.6138,2022-05-01,-
KMNB,24.4638,118.3882,1998-02-05,-
LATB,24.5353,121.5264,2013-05-27,-
LXI1,24.0092,121.4245,2023-02-13,-
LXIB,24.0211,121.4133,2014-05-13,2022-08-07
LYUB,22.0017,121.5840,1997-08-07,1998-07-16
LYUB,22.0373,121.5581,1998-07-16,2012-05-29
LYUB,22.0485,121.5121,2012-05-29,-
MASB,22.6109,120.6326,2007-11-02,-
MATB,26.1515,119.9456,2000-06-25,2009-04-23
MATB,26.1402,119.9290,2009-04-23,-
NACB,24.1738,121.5947,1995-07-27,-
NNSB,24.4284,121.3828,2006-03-23,-
PHUB,23.5114,119.5801,2002-05-01,-
RLNB,23.8911,120.3594,2004-06-25,-
SBCB,24.7924,120.9854,2007-07-17,-
SSLB,23.7876,120.9540,1996-06-04,-
SXI1,25.0942,121.8754,2013-10-23,-
SYNB,23.2482,120.9862,2013-11-08,-
TDCB,24.2527,121.1583,1996-03-15,-
TPUB,23.3005,120.6296,1995-03-23,-
TWGB,22.8177,121.0799,1994-10-06,-
TWKB,21.9409,120.8125,1994-11-08,-
WARB,23.7178,121.3862,2014-01-14,-
WFSB,25.0715,121.7816,1997-10-23,-
WUSB,23.9919,121.1175,2011-06-22,-
YD07,25.1756,121.6200,2013-05-17,-
YHNB,24.6695,121.3757,2002-10-03,-
YULB,23.3925,121.2971,2000-02-15,-
VCHM,23.2087,119.4295,2010-04-27,-
VDOS,20.7010,116.7306,2009-05-06,-
VNAS,10.3774,114.3650,2009-07-20,-
VWDT,23.7537,121.1412,2011-04-26,-
VWUC,24.9911,119.4492,2009-09-14,-
TUIB,24.8385,121.9419,2020-04-19,-
